hint,keyword
Tier,Seeteufel
Tier,Ameise
Tier,Gürteltier
Tier,Fledermaus
Tier,Biber
Tier,Biene
Tier,Stier
Tier,Schmetterling
Tier,Kamel
Tier,Katze
Tier,Chamäleon
Tier,Huhn
Tier,Muschel
Tier,Cobra
Tier,Kakerlake
Tier,Kuh
Tier,Krabbe
Tier,Krokodil
Tier,Hirsch
Tier,Hund
Tier,Delphin
Tier,Libelle
Tier,Elefant
Tier,Flamingo
Tier,Frosch
Tier,Giraffe
Tier,Ziege
Tier,Einsiedlerkrebs
Tier,Nilpferd
Tier,Pferd
Tier,Qualle
Tier,Känguru
Tier,Koala
Tier,Marienkäfer
Tier,Löwe
Tier,Hummer
Tier,Affe
Tier,Mücke
Tier,Narwal
Tier,Nautilus
Tier,Krake
Tier,Strauß
Tier,Eule
Tier,Pfau
Tier,Pelikan
Tier,Pinguin
Tier,Schwein
Tier,Schnabeltier
Tier,Gottesanbeterin
Tier,Pterodactyl
Tier,Kaninchen
Tier,Waschbär
Tier,Ray
Tier,Nashorn
Tier,Skorpion
Tier,Seepferdchen
Tier,Hai
Tier,Schaf
Tier,Garnele
Tier,Faultier
Tier,Schnecke
Tier,Spinne
Tier,Tintenfisch
Tier,Eichhörnchen
Tier,Hirschkäfer
Tier,Seestern
Tier,Stegosaurier
Tier,Schwan
Tier,Schwertfisch
Tier,T-Rex
Tier,Triceratops
Tier,Türkei
Tier,Schildkröte
Tier,Velociraptor
Tier,Walross
Tier,Wal
Tier,Specht
Ereignis,Babyparty
Ereignis,Geburtstag
Ereignis,Weihnachten
Ereignis,Ostern
Ereignis,Mondfinsternis
Ereignis,Beerdigung
Ereignis,Abschlussfeier
Ereignis,Halloween
Ereignis,Chanukka
Ereignis,Übernachtung
Ereignis,St.Patricks Tag
Ereignis,Erntedank
Ereignis,Hochzeit
Essen/Trinken,Artischocke
Essen/Trinken,Spargel
Essen/Trinken,Speck
Essen/Trinken,Banane
Essen/Trinken,Boba Tee
Essen/Trinken,Burger
Essen/Trinken,Kuchen
Essen/Trinken,Karotte
Essen/Trinken,Käse
Essen/Trinken,Kokosnuss
Essen/Trinken,Mais
Essen/Trinken,Muffin
Essen/Trinken,Dim Sum
Essen/Trinken,Eier
Essen/Trinken,Knoblauch
Essen/Trinken,Honig
Essen/Trinken,HotDog
Essen/Trinken,Eis
Essen/Trinken,Hummer
Essen/Trinken,Martini
Essen/Trinken,Pilz
Essen/Trinken,Pfannkuchen
Essen/Trinken,Erbsen
Essen/Trinken,Pfeffer
Essen/Trinken,Gurken
Essen/Trinken,Kuchen
Essen/Trinken,Ananas
Essen/Trinken,Pizza
Essen/Trinken,Eis am Stiel
Essen/Trinken,Kürbis
Essen/Trinken,Rippchen
Essen/Trinken,Sandwich
Essen/Trinken,Shrimps
Essen/Trinken,Spaghetti
Essen/Trinken,Erdbeere
Essen/Trinken,Sushi
Essen/Trinken,Taco
Essen/Trinken,Tee
Essen/Trinken,Tomate
Essen/Trinken,Rübe
Essen/Trinken,Waffeln
Essen/Trinken,Wein
Küche,Mixer
Küche,Sieb
Küche,Geschirrkorb
Küche,Kühlschrank
Küche,Wasserkocher
Küche,Messerblock
Küche,Reiskocher
Küche,Salzstreuer
Küche,Herd
Küche,Toaster
Legende,Alien
Legende,Zentaur
Legende,Drache
Legende,Zwerg
Legende,Elf
Legende,Fee
Legende,Geist
Legende,Griffin
Legende,Sensenmann
Legende,Kraken
Legende,Kobold
Legende,Loch Ness
Legende,Meerjungfrau
Legende,Pegasus
Legende,Phoenix
Legende,Einhorn
Legende,Vampir
Legende,Werwolf
Legende,Hexe
Legende,Zombie
Medizin,Pflaster
Medizin,Blutdruckmessgerät
Medizin,Gehirn
Medizin,Krücke
Medizin,Defibrillator
Medizin,Zahnspange
Medizin,Herz
Medizin,Schädel
Medizin,Stethoskop
Medizin,Trage
Medizin,Spritze
Medizin,Thermometer
Medizin,Rollstuhl
Medizin,Röntgen
Outfit,Rucksack
Outfit,Baseballmütze
Outfit,Gürtel
Outfit,Lätzchen
Outfit,Fliege
Outfit,Cargo Shorts
Outfit,Kochmütze
Outfit,Crocs
Outfit,Krone
Outfit,Windel
Outfit,Ohrringe
Outfit,Augenklappe
Outfit,Brille
Outfit,Handschuhe
Outfit,Abschlusskappe
Outfit,Kopfhörer
Outfit,High-Heels
Outfit,Jacke
Outfit,Monokel
Outfit,Overalls
Outfit,Geldbörse
Outfit,Schal
Outfit,Turnschuhe
Outfit,Socken
Outfit,Sombrero
Outfit,Anzug
Outfit,Brieftasche
Outfit,Uhr
Person,Schauspieler
Person,Künstler
Person,Astronaut
Person,Baby
Person,Babysitter
Person,Friseur
Person,Barkeeper
Person,Türsteher
Person,Kassiererin
Person,Koch
Person,Clown
Person,Cowboy
Person,Zahnarzt
Person,Direktor
Person,DJ
Person,Doktor
Person,Vernichter
Person,Bauer
Person,Feuerwehrmann
Person,Turner
Person,Hausmeister
Person,Richter
Person,Ritter
Person,Magier
Person,Postbote
Person,Mechaniker
Person,Musiker
Person,Ninja
Person,Pirat
Person,Klempner
Person,Polizei
Person,Programmierer
Person,Demonstrant
Person,Rezeptionistin
Person,Räuber
Person,Königshaus
Person,Samurai
Person,Wissenschaftler
Person,Scharfschütze
Person,Lehrer
Person,Therapeut
Person,Kellner
Ort,Flughafen
Ort,Vergnügungspark
Ort,Arkade
Ort,Kunstmuseum
Ort,Australien
Ort,Bank
Ort,Badezimmer
Ort,Strand
Ort,Kanada
Ort,Casino
Ort,Höhle
Ort,China
Ort,Kirche
Ort,Zirkus
Ort,Stadt
Ort,Gerichtssaal
Ort,Wüste
Ort,Ägypten
Ort,Fabrik
Ort,Bauernhof
Ort,Wald
Ort,Tankstelle
Ort,Friedhof
Ort,Lebensmittelgeschäft
Ort,Fitnessstudio
Ort,Spukhaus
Ort,Krankenhaus
Ort,Hotel
Ort,Haus
Ort,Indien
Ort,Italien
Ort,Japan
Ort,Bibliothek
Ort,Mexiko
Ort,Minen
Ort,Ozean
Ort,Parkplatz
Ort,Spielplatz
Ort,Pool
Ort,Hafen
Ort,Gefängnis
Ort,Restaurant
Ort,Schule
Ort,Raum
Ort,Stadion
Ort,U-Bahn
Ort,Theater
Ort,USA
Ort,Zoo
Erholung,AmericanFootball
Erholung,Bogenschießen
Erholung,Badminton
Erholung,Baseball
Erholung,Basketball
Erholung,Fahrrad
Erholung,Billard
Erholung,Bowling
Erholung,Boxen
Erholung,Camping
Erholung,Karussell
Erholung,Schach
Erholung,Chor
Erholung,Comics
Erholung,Disco
Erholung,Fechten
Erholung,Angeln
Erholung,Frisbee
Erholung,Golf
Erholung,Wandern
Erholung,Hockey
Erholung,Reiten
Erholung,Jagd
Erholung,Turnier
Erholung,Drachen
Erholung,Kampfkunst
Erholung,Filme
Erholung,Malerei
Erholung,Fallschirm
Erholung,Flipper
Erholung,Stabhochsprung
Erholung,Klettern
Erholung,Achterbahn
Erholung,Tauchen
Erholung,Skateboard
Erholung,Skifahren
Erholung,Fallschirmspringen
Erholung,Fußball
Erholung,Surfen
Erholung,Tischtennis
Erholung,Tennis
Erholung,Bauchredner
Erholung,Videospiele
Erholung,Volleyball
Erholung,Yo-Yo
Erholung,Yoga
Technologie,Batterie
Technologie,Kanone
Technologie,Kamera
Technologie,Computer
Technologie,elektrischer Lüfter
Technologie,Aufzug
Technologie,Dynamit
Technologie,Granate
Technologie,Pistole
Technologie,Tastatur
Technologie,Lampe
Technologie,Laptop
Technologie,Lavalampe
Technologie,Rasenmäher
Technologie,Glühbirne
Technologie,Maus
Technologie,Steckdose
Technologie,Steckdosenleiste
Technologie,Drucker
Technologie,Radio
Technologie,Satellit
Technologie,Nähmaschine
Technologie,Telefon
Technologie,Telefonmast
Technologie,Fernsehen
Technologie,Staubsauger
Technologie,Wasserkühler
Technologie,Wi-Fi
Werkzeug,Axt
Werkzeug,Fernglas
Werkzeug,Eimer
Werkzeug,Rechner
Werkzeug,Kettensäge
Werkzeug,Kompass
Werkzeug,Taschenlampe
Werkzeug,Gasmaske
Werkzeug,Hammer
Werkzeug,Handschellen
Werkzeug,Handbohrmaschine
Werkzeug,Handsäge
Werkzeug,Maßband
Werkzeug,Mikroskop
Werkzeug,Mausefalle
Werkzeug,Pinsel
Werkzeug,Stift
Werkzeug,Anspitzer
Werkzeug,Schere
Werkzeug,Schraubendreher
Werkzeug,Hefter
Werkzeug,Klebeband
Werkzeug,Teleskop
Werkzeug,Regenschirm
Werkzeug,Schneebesen
Werkzeug,Pfeife
Fahrzeug,Flugzeug
Fahrzeug,Krankenwagen
Fahrzeug,Fahrrad
Fahrzeug,Luftschiff
Fahrzeug,Boot
Fahrzeug,Bulldozer
Fahrzeug,Bus
Fahrzeug,Auto
Fahrzeug,Streitwagen
Fahrzeug,Hundeschlitten
Fahrzeug,Feuerwehrauto
Fahrzeug,Hubschrauber
Fahrzeug,Heißluftballon
Fahrzeug,Motorrad
Fahrzeug,Wohnmobil
Fahrzeug,Roller
Fahrzeug,Sky Tram
Fahrzeug,Raumschiff
Fahrzeug,Kinderwagen
Fahrzeug,U-Boot
Fahrzeug,Panzer
Fahrzeug,Traktor
Fahrzeug,Zug
Fahrzeug,LKW
Fahrzeug,UFO
Fahrzeug,Einrad
Fahrzeug,Schubkarre